"0","coef(spender, select=which.min(BIC(spender))) ## and BIC instead"
"1","1001 x 1 sparse Matrix of class ""dgCMatrix""
"
"1","                           "
"1","        seg31"
"1","
intercept                  "
"1","  5.929791309"
"1","
atdmt.com                  "
"1","  .          "
"1","
yahoo.com                  "
"1","  .          "
"1","
whenu.com                  "
"1","  .          "
"1","
weatherbug.com             "
"1","  .          "
"1","
msn.com                    "
"1","  .          "
"1","
google.com                 "
"1","  .          "
"1","
aol.com                    "
"1","  .          "
"1","
questionmarket.com         "
"1","  0.013756425"
"1","
googlesyndication.com-o02  "
"1","  .          "
"1","
casalemedia.com            "
"1","  .          "
"1","
mywebsearch.com            "
"1","  .          "
"1","
myspace.com                "
"1","  .          "
"1","
pointroll.com              "
"1","  .          "
"1","
atwola.com                 "
"1","  .          "
"1","
yieldmanager.com           "
"1","  .          "
"1","
live.com                   "
"1","  .          "
"1","
aim.com                    "
"1","  .          "
"1","
mediaplex.com              "
"1","  .          "
"1","
precisionclick.com         "
"1","  .          "
"1","
tribalfusion.com           "
"1","  .          "
"1","
insightexpressai.com       "
"1","  .          "
"1","
trafficmp.com              "
"1"," -0.003495242"
"1","
ebay.com                   "
"1","  .          "
"1","
realmedia.com              "
"1","  .          "
"1","
zedo.com                   "
"1","  .          "
"1","
advertising.com            "
"1","  .          "
"1","
microsoft.com              "
"1","  .          "
"1","
hotbar.com                 "
"1","  .          "
"1","
adrevolver.com             "
"1","  .          "
"1","
ru4.com                    "
"1","  .          "
"1","
180solutions.com           "
"1","  .          "
"1","
nextag.com                 "
"1","  .          "
"1","
accuweather.com            "
"1","  .          "
"1","
overture.com               "
"1","  .          "
"1","
hotmail.com                "
"1","  .          "
"1","
passport.com               "
"1","  .          "
"1","
my-etrust.com              "
"1","  .          "
"1","
starware.com               "
"1","  .          "
"1","
relevantknowledge.com      "
"1"," -0.034187615"
"1","
myway.com                  "
"1","  .          "
"1","
partner2profit.com         "
"1","  .          "
"1","
ditto.com                  "
"1","  .          "
"1","
kanoodle.com               "
"1","  .          "
"1","
ebayobjects.com            "
"1","  .          "
"1","
mcafee.com                 "
"1","  .          "
"1","
comcast.net                "
"1","  0.007369149"
"1","
fastclick.net              "
"1","  .          "
"1","
adbrite.com                "
"1","  .          "
"1","
vpptechnologies.com        "
"1","  .          "
"1","
specificclick.net          "
"1","  .          "
"1","
serving-sys.com            "
"1","  .          "
"1","
weather.com                "
"1","  .          "
"1","
adserver.com               "
"1","  .          "
"1","
licenseacquisition.org     "
"1","  .          "
"1","
pogo.com                   "
"1","  .          "
"1","
go.com                     "
"1","  .          "
"1","
btgrab.com                 "
"1","  .          "
"1","
bellsouth.net              "
"1","  .          "
"1","
intellisrv.net             "
"1","  .          "
"1","
dell.com                   "
"1","  .          "
"1","
waol.exe                   "
"1","  .          "
"1","
cnn.com                    "
"1","  .          "
"1","
facebook.com               "
"1","  .          "
"1","
incredibarvuz1.com         "
"1","  .          "
"1","
burstnet.com               "
"1","  .          "
"1","
adknowledge.com            "
"1","  .          "
"1","
funwebproducts.com         "
"1","  .          "
"1","
belnk.com                  "
"1","  .          "
"1","
netscape.com               "
"1","  .          "
"1","
mysearch.com               "
"1","  .          "
"1","
real.com                   "
"1","  .          "
"1","
liveperson.net             "
"1","  0.077066698"
"1","
adsonar.com                "
"1","  .          "
"1","
passport.net               "
"1","  .          "
"1","
euroclick.com              "
"1","  .          "
"1","
m7z.net                    "
"1","  .          "
"1","
mywebface.com              "
"1","  .          "
"1","
kazaa.com                  "
"1","  .          "
"1","
bestoffersnetworks.com     "
"1","  .          "
"1","
vitalstream.com            "
"1","  .          "
"1","
tacoda.net                 "
"1","  .          "
"1","
unicast.com                "
"1","  .          "
"1","
offeroptimizer.com         "
"1","  .          "
"1","
bankofamerica.com          "
"1","  .          "
"1","
acsd.exe                   "
"1","  .          "
"1","
gator.com                  "
"1","  .          "
"1","
quickbrowsersearch.com     "
"1","  .          "
"1","
revsci.net                 "
"1","  .          "
"1","
personalweb.com            "
"1","  .          "
"1","
rr.com                     "
"1","  .          "
"1","
msnusers.com               "
"1","  .          "
"1","
zango.com                  "
"1","  .          "
"1","
earthlink.net              "
"1","  .          "
"1","
mapquest.com               "
"1","  .          "
"1","
falkag.net                 "
"1","  .          "
"1","
freeze.com                 "
"1","  .          "
"1","
amazon.com                 "
"1","  0.054639845"
"1","
net-offers.net             "
"1","  .          "
"1","
shopperreports.com         "
"1","  .          "
"1","
dellfix.com                "
"1","  .          "
"1","
plaxo.com                  "
"1","  .          "
"1","
ysbweb.com                 "
"1","  .          "
"1","
googleadservices.com       "
"1","  .          "
"1","
qnsr.com                   "
"1","  .          "
"1","
revenue.net                "
"1","  .          "
"1","
adultfriendfinder.com      "
"1","  .          "
"1","
addynamix.com              "
"1","  .          "
"1","
seekmo.com                 "
"1","  .          "
"1","
verizon.net                "
"1","  .          "
"1","
cox.net                    "
"1","  .          "
"1","
metricsdirect.com          "
"1","  .          "
"1","
akamai.net                 "
"1","  .          "
"1","
admarketplace.net          "
"1","  .          "
"1","
amazon.com-o01             "
"1","  .          "
"1","
aolacsd.exe                "
"1","  .          "
"1","
opinionsquare.com          "
"1","  .          "
"1","
interclick.com             "
"1","  .          "
"1","
peoplepc.com               "
"1","  .          "
"1","
go.com-o04                 "
"1","  .          "
"1","
realtechnetwork.net        "
"1","  .          "
"1","
freezecoldcash.com         "
"1","  .          "
"1","
ask.com                    "
"1","  .          "
"1","
contextweb.com             "
"1","  .          "
"1","
intellitxt.com             "
"1","  .          "
"1","
yceml.net                  "
"1","  .          "
"1","
about.com                  "
"1","  .          "
"1","
youtube.com                "
"1","  .          "
"1","
wikipedia.org              "
"1","  .          "
"1","
surfaccuracy.com           "
"1","  .          "
"1","
windowsmedia.com           "
"1"," -0.015026396"
"1","
craigslist.org             "
"1","  .          "
"1","
hackerwatch.org            "
"1","  .          "
"1","
foxsports.com              "
"1","  .          "
"1","
spamblockerutility.com     "
"1","  .          "
"1","
walmart.com                "
"1","  .          "
"1","
navexcel.com               "
"1","  .          "
"1","
partypoker.com             "
"1","  .          "
"1","
wellsfargo.com             "
"1","  .          "
"1","
travelzoo.com              "
"1","  .          "
"1","
photobucket.com            "
"1","  .          "
"1","
viewpoint.com              "
"1","  .          "
"1","
nielsennetpanel.com        "
"1","  .          "
"1","
mymailstamp.com            "
"1","  .          "
"1","
windows.com                "
"1","  .          "
"1","
optonline.net              "
"1","  .          "
"1","
eguard.com                 "
"1","  .          "
"1","
aolcdn.com                 "
"1","  .          "
"1","
musicmatch.com             "
"1","  .          "
"1","
qksz.net                   "
"1","  .          "
"1","
cometsystems.com           "
"1","  .          "
"1","
netzero.net                "
"1","  .          "
"1","
specificmedia.com          "
"1","  .          "
"1","
paypal.com                 "
"1","  .          "
"1","
iwon.com                   "
"1","  .          "
"1","
monster.com-o01            "
"1","  .          "
"1","
vmn.net                    "
"1","  .          "
"1","
juno.com                   "
"1","  .          "
"1","
information.com            "
"1","  .          "
"1","
sysupdates.com             "
"1","  .          "
"1","
2o7.net                    "
"1","  .          "
"1","
adwave.com                 "
"1","  .          "
"1","
need2find.com              "
"1","  .          "
"1","
target.com                 "
"1","  .          "
"1","
ebayrtm.com                "
"1","  0.092833283"
"1","
match.com                  "
"1","  .          "
"1","
bridgetrack.com            "
"1","  .          "
"1","
comcastsupport.com         "
"1","  .          "
"1","
rs6.net                    "
"1","  .          "
"1","
screensavers.com           "
"1","  .          "
"1","
footprint.net              "
"1","  .          "
"1","
sportsline.com             "
"1","  .          "
"1","
adelphia.net               "
"1","  .          "
"1","
smileycentral.com          "
"1","  .          "
"1","
dlqm.net                   "
"1","  .          "
"1","
careerbuilder.com          "
"1","  .          "
"1","
mlb.com                    "
"1","  .          "
"1","
searchignite.com           "
"1","  .          "
"1","
wachovia.com               "
"1","  .          "
"1","
expedia.com                "
"1","  .          "
"1","
thinktarget.com            "
"1","  .          "
"1","
authnow.com                "
"1","  .          "
"1","
dotomi.com                 "
"1","  .          "
"1","
blogspot.com               "
"1","  .          "
"1","
hpdjjs.com                 "
"1","  .          "
"1","
chase.com                  "
"1","  .          "
"1","
outerinfo.com              "
"1","  .          "
"1","
nscpcdn.com                "
"1","  .          "
"1","
vonage.com                 "
"1","  .          "
"1","
searchscout.com            "
"1","  .          "
"1","
compuserve.com             "
"1"," -0.004372746"
"1","
lycos.com                  "
"1","  .          "
"1","
xanga.com                  "
"1","  .          "
"1","
websearch.com              "
"1","  .          "
"1","
azjmp.com                  "
"1","  .          "
"1","
tmcs.net-o01               "
"1","  .          "
"1","
exitexchange.com           "
"1","  .          "
"1","
toshibapc.com              "
"1","  .          "
"1","
runescape.com              "
"1","  .          "
"1","
weatherstudio.com          "
"1","  .          "
"1","
imdb.com                   "
"1","  .          "
"1","
adecn.com                  "
"1","  .          "
"1","
bargain-buddy.net          "
"1","  .          "
"1","
carsdirect.com             "
"1","  .          "
"1","
mspaceads.com              "
"1","  .          "
"1","
apple.com                  "
"1","  .          "
"1","
ups.com                    "
"1","  0.094620100"
"1","
88.80.5.21                 "
"1","  .          "
"1","
exct.net                   "
"1","  .          "
"1","
cingular.com               "
"1","  .          "
"1","
foodnetwork.com            "
"1","  .          "
"1","
go.com-o03                 "
"1","  .          "
"1","
excite.com                 "
"1","  .          "
"1","
capitalone.com             "
"1","  .          "
"1","
imiclk.com                 "
"1","  0.542497908"
"1","
overstock.com              "
"1","  .          "
"1","
bloglines.com              "
"1","  .          "
"1","
compfused.com              "
"1","  .          "
"1","
morpheus.com               "
"1","  .          "
"1","
foxnews.com                "
"1","  .          "
"1","
marketwatch.com            "
"1","  .          "
"1","
wamu.com                   "
"1","  .          "
"1","
monster.com                "
"1","  .          "
"1","
adobe.com                  "
"1","  .          "
"1","
888.com                    "
"1","  .          "
"1","
untd.com                   "
"1","  .          "
"1","
abetterinternet.com        "
"1","  .          "
"1","
centralmedia.ws            "
"1","  .          "
"1","
valuead.com                "
"1","  .          "
"1","
targetsaver.com            "
"1","  .          "
"1","
lynxtrack.com              "
"1","  .          "
"1","
cartoonnetwork.com         "
"1","  .          "
"1","
netflix.com                "
"1","  .          "
"1","
chitika.net                "
"1","  .          "
"1","
geocities.com              "
"1","  .          "
"1","
qsrch.com                  "
"1","  .          "
"1","
drsnsrch.com               "
"1","  .          "
"1","
autobytel.com              "
"1","  .          "
"1","
web-nexus.net              "
"1","  .          "
"1","
webservicehosts.com        "
"1","  .          "
"1","
sharewareonline.com        "
"1","  .          "
"1","
llnwd.net                  "
"1","  .          "
"1","
instantnavigation.com      "
"1","  .          "
"1","
nick.com                   "
"1","  .          "
"1","
nfl.com                    "
"1","  .          "
"1","
oingo.com                  "
"1","  .          "
"1","
lightningcast.net          "
"1","  .          "
"1","
altbill.com                "
"1","  .          "
"1","
xolox.nl                   "
"1","  .          "
"1","
superpages.com             "
"1","  .          "
"1","
classmates.com             "
"1","  .          "
"1","
aavalue.com                "
"1","  .          "
"1","
bluestreak.com             "
"1","  .          "
"1","
southwest.com              "
"1","  0.019405476"
"1","
whitepages.com             "
"1","  .          "
"1","
usps.com                   "
"1","  .          "
"1","
webhancer.com              "
"1","  .          "
"1","
bbc.co.uk                  "
"1","  .          "
"1","
true.com                   "
"1","  .          "
"1","
bearshare.com              "
"1","  .          "
"1","
citibank.com               "
"1","  .          "
"1","
blackplanet.com            "
"1","  .          "
"1","
pch.com                    "
"1","  .          "
"1","
att.net                    "
"1","  .          "
"1","
autoweb.com                "
"1","  .          "
"1","
insightexpress.com         "
"1","  .          "
"1","
charter.net                "
"1","  .          "
"1","
alumnigroup.org            "
"1","  .          "
"1","
verizonwireless.com        "
"1","  .          "
"1","
fedex.com                  "
"1","  .          "
"1","
mobilesidewalk.com         "
"1","  .          "
"1","
netteller.com              "
"1","  .          "
"1","
webshots.com               "
"1","  .          "
"1","
sprint.com                 "
"1","  .          "
"1","
orbitz.com                 "
"1","  0.033293451"
"1","
bestbuy.com                "
"1","  .          "
"1","
grandstreetinteractive.com "
"1","  .          "
"1","
paypopup.com               "
"1","  .          "
"1","
cheaptickets.com           "
"1","  .          "
"1","
dell4me.com                "
"1","  .          "
"1","
new.net                    "
"1"," -0.050232563"
"1","
nytimes.com                "
"1","  .          "
"1","
nyadmcncserve-05y06a.com   "
"1","  .          "
"1","
aoltpspd.exe               "
"1","  .          "
"1","
toprebates.com             "
"1","  .          "
"1","
jcpenney.com               "
"1","  0.289035701"
"1","
geotrust.com               "
"1","  .          "
"1","
travelocity.com            "
"1","  0.241033879"
"1","
qvc.com                    "
"1","  0.116683951"
"1","
4at1.com                   "
"1","  .          "
"1","
cpmstar.com                "
"1","  .          "
"1","
bizrate.com                "
"1","  .          "
"1","
ticketmaster.com           "
"1","  .          "
"1","
usbank.com                 "
"1","  .          "
"1","
tripod.com                 "
"1","  .          "
"1","
buy.com                    "
"1","  .          "
"1","
nascar.com                 "
"1","  .          "
"1","
aebn.net                   "
"1","  .          "
"1","
infospace.com              "
"1","  .          "
"1","
wxbug.com                  "
"1","  .          "
"1","
contextuads.com            "
"1","  .          "
"1","
bns1.net                   "
"1","  .          "
"1","
download.com               "
"1","  .          "
"1","
gocyberlink.com            "
"1","  .          "
"1","
192.168.1.1                "
"1","  .          "
"1","
dvlabs.com                 "
"1","  .          "
"1","
defamer.com                "
"1","  .          "
"1","
tracking101.com            "
"1"," -0.217028216"
"1","
accountonline.com          "
"1","  .          "
"1","
hbmediapro.com             "
"1","  .          "
"1","
usatoday.com               "
"1","  .          "
"1","
bigfishgames.com           "
"1","  .          "
"1","
neopets.com                "
"1","  .          "
"1","
adoutput.com               "
"1","  .          "
"1","
sbc.com                    "
"1","  .          "
"1","
noaa.gov                   "
"1","  .          "
"1","
lowermybills.com           "
"1","  .          "
"1","
kmpads.com                 "
"1","  .          "
"1","
directtrack.com            "
"1","  .          "
"1","
clicksor.com               "
"1","  .          "
"1","
legacy.com                 "
"1","  .          "
"1","
eajmp.com                  "
"1","  .          "
"1","
nastydollars.com           "
"1","  .          "
"1","
worldofwarcraft.com        "
"1","  .          "
"1","
mirarsearch.com            "
"1","  .          "
"1","
verizon.com                "
"1","  .          "
"1","
miniclip.com               "
"1","  .          "
"1","
iwin.com                   "
"1","  .          "
"1","
peel.com                   "
"1","  .          "
"1","
hgtv.com                   "
"1","  .          "
"1","
amaena.com                 "
"1","  .          "
"1","
sprintpcs.com              "
"1","  .          "
"1","
shopping.com               "
"1","  .          "
"1","
webmd.com                  "
"1","  .          "
"1","
clearchannel.com           "
"1","  .          "
"1","
winamp.com                 "
"1","  .          "
"1","
reference.com              "
"1","  .          "
"1","
interpolls.com             "
"1","  .          "
"1","
americangreetings.com      "
"1","  .          "
"1","
tmcs.net                   "
"1","  0.427568831"
"1","
midtenmedia.com            "
"1","  .          "
"1","
domainsponsor.com          "
"1","  .          "
"1","
thunderdownloads.com       "
"1","  .          "
"1","
akamaistream.net           "
"1","  .          "
"1","
livejournal.com            "
"1","  .          "
"1","
tx.us                      "
"1","  .          "
"1","
onlinerewardcenter.com     "
"1","  .          "
"1","
msn.com-o18                "
"1","  .          "
"1","
sony.com                   "
"1","  .          "
"1","
dogpile.com                "
"1","  .          "
"1","
nba.com                    "
"1","  .          "
"1","
citysearch.com             "
"1","  0.148218793"
"1","
connextra.com              "
"1","  .          "
"1","
nickjr.com                 "
"1","  .          "
"1","
t-mobile.com               "
"1","  .          "
"1","
winfixer.com               "
"1","  .          "
"1","
adlegend.com               "
"1","  .          "
"1","
adsrevenue.net             "
"1","  .          "
"1","
sears.com                  "
"1","  .          "
"1","
ap.org                     "
"1","  .          "
"1","
luna.net                   "
"1","  0.015598852"
"1","
shockwave.com              "
"1","  .          "
"1","
hsn.com                    "
"1","  .          "
"1","
fl.us                      "
"1","  .          "
"1","
mypoints.com               "
"1","  .          "
"1","
mozilla.org                "
"1","  .          "
"1","
aresgalaxy.org             "
"1","  .          "
"1","
realtor.com                "
"1","  0.026481191"
"1","
addictinggames.com         "
"1","  .          "
"1","
clickbooth.com             "
"1","  .          "
"1","
amateurmatch.com           "
"1","  .          "
"1","
worldnow.com               "
"1","  .          "
"1","
surveys.com                "
"1","  .          "
"1","
pa.us                      "
"1","  .          "
"1","
arcaderockstar.com         "
"1","  .          "
"1","
coolsavings.com            "
"1"," -0.591097345"
"1","
yournewsletters.net        "
"1","  .          "
"1","
liquidmedianetworks.com    "
"1","  .          "
"1","
everythinggirl.com         "
"1","  .          "
"1","
perfectmatch.com           "
"1","  .          "
"1","
stockgroup.com             "
"1","  .          "
"1","
netster.com                "
"1","  .          "
"1","
bidclix.com                "
"1","  .          "
"1","
dropspam.com               "
"1","  .          "
"1","
hp.com                     "
"1","  .          "
"1","
drivecleaner.com           "
"1","  .          "
"1","
consumerpromotioncenter.com"
"1","  .          "
"1","
aolwbspd.exe               "
"1","  .          "
"1","
americanexpress.com        "
"1","  0.019242435"
"1","
totaltalk.com              "
"1","  .          "
"1","
wwe.com                    "
"1","  .          "
"1","
kontera.com                "
"1","  .          "
"1","
gamehouse.com              "
"1","  .          "
"1","
circuitcity.com            "
"1","  .          "
"1","
yimg.com                   "
"1","  .          "
"1","
lightningcast.com          "
"1","  .          "
"1","
edgefcs.net                "
"1","  .          "
"1","
wunderground.com           "
"1","  .          "
"1","
realarcade.com             "
"1","  .          "
"1","
singlesnet.com             "
"1","  .          "
"1","
azcentral.com              "
"1","  .          "
"1","
yellowpages.com            "
"1","  .          "
"1","
eharmony.com               "
"1","  .          "
"1","
paviliondownload.com       "
"1","  .          "
"1","
insightbb.com              "
"1","  .          "
"1","
imageshack.us              "
"1","  .          "
"1","
shopzilla.com              "
"1","  .          "
"1","
ca.gov                     "
"1","  .          "
"1","
donotchangeme.com          "
"1","  .          "
"1","
ca.us                      "
"1","  .          "
"1","
sourceforge.net            "
"1","  .          "
"1","
washingtonpost.com         "
"1","  .          "
"1","
adjuggler.com              "
"1","  .          "
"1","
careercast.com             "
"1","  .          "
"1","
bangbros1.com              "
"1","  .          "
"1","
scripps.com-o01            "
"1","  .          "
"1","
migente.com                "
"1","  .          "
"1","
homedepot.com              "
"1","  .          "
"1","
winantivirus.com           "
"1","  .          "
"1","
irs.gov                    "
"1","  .          "
"1","
blockbuster.com            "
"1","  .          "
"1","
kodakgallery.com           "
"1","  .          "
"1","
nih.gov                    "
"1","  .          "
"1","
aol.com-o07                "
"1","  .          "
"1","
icq.com                    "
"1","  .          "
"1","
wordcents.com              "
"1","  .          "
"1","
drudgereport.com           "
"1","  .          "
"1","
quizilla.com               "
"1","  .          "
"1","
srch-results.com           "
"1","  .          "
"1","
inqwire.com                "
"1","  .          "
"1","
ign.com                    "
"1","  .          "
"1","
oinadserver.com            "
"1","  .          "
"1","
azoogleads.com             "
"1","  .          "
"1","
incredimail.com            "
"1","  .          "
"1","
shopathome.com             "
"1","  .          "
"1","
mtv.com                    "
"1","  .          "
"1","
fidelity.com               "
"1","  .          "
"1","
bullseye-network.com       "
"1","  .          "
"1","
flash-gear.com             "
"1","  .          "
"1","
proficient.com             "
"1","  .          "
"1","
autotrader.com             "
"1","  .          "
"1","
charter.com                "
"1","  .          "
"1","
healthology.com            "
"1","  .          "
"1","
evite.com                  "
"1","  .          "
"1","
checkm8.com                "
"1"," -0.024862981"
"1","
rsc01.net                  "
"1","  0.018608014"
"1","
oasei.com                  "
"1","  .          "
"1","
heavy.com                  "
"1","  .          "
"1","
slotch.com                 "
"1","  .          "
"1","
passion.com                "
"1","  .          "
"1","
nbc.com                    "
"1","  .          "
"1","
trafficmarketplace.com     "
"1","  .          "
"1","
univision.com              "
"1","  .          "
"1","
priceline.com              "
"1","  .          "
"1","
flickr.com                 "
"1","  .          "
"1","
andale.com                 "
"1","  .          "
"1","
dealtime.com               "
"1","  .          "
"1","
yfdirect.com               "
"1","  .          "
"1","
entrepreneur.com           "
"1","  .          "
"1","
go.com-o01                 "
"1","  .          "
"1","
webmd.com-o01              "
"1","  .          "
"1","
sexsearch.com              "
"1","  .          "
"1","
pornaccess.com             "
"1","  .          "
"1","
gcion.com                  "
"1","  .          "
"1","
shoplocal.com              "
"1","  .          "
"1","
kliptracker.com            "
"1","  .          "
"1","
nationalcity.com           "
"1","  .          "
"1","
bbeplayer.com              "
"1","  .          "
"1","
videodome.com              "
"1","  .          "
"1","
204.95.60.12               "
"1","  .          "
"1","
napster.com                "
"1","  .          "
"1","
myweather.net              "
"1","  .          "
"1","
msnbc.com                  "
"1","  .          "
"1","
linkexchange.com           "
"1","  .          "
"1","
searchmarketing.com        "
"1","  .          "
"1","
angelfire.com              "
"1","  .          "
"1","
callwave.com               "
"1","  .          "
"1","
sonnerie.net               "
"1","  .          "
"1","
scout.com                  "
"1","  .          "
"1","
rivals.com                 "
"1","  .          "
"1","
altnet.com                 "
"1","  .          "
"1","
spynet.com                 "
"1","  .          "
"1","
macromedia.com             "
"1"," -0.021666664"
"1","
ed.gov                     "
"1","  .          "
"1","
wannawatch.com             "
"1","  .          "
"1","
frontiernet.net            "
"1","  .          "
"1","
flycell.com                "
"1","  .          "
"1","
edgesuite.net              "
"1","  0.103259214"
"1","
89.com                     "
"1","  .          "
"1","
nc.us                      "
"1","  .          "
"1","
ticketmaster.com-o01       "
"1","  .          "
"1","
flowgo.com                 "
"1","  .          "
"1","
cnet.com                   "
"1","  .          "
"1","
oddcast.com                "
"1","  .          "
"1","
answers.com                "
"1","  .          "
"1","
timeinc.net                "
"1","  .          "
"1","
m5-systems.com             "
"1","  .          "
"1","
guideforyou.com            "
"1","  .          "
"1","
rn11.com                   "
"1","  .          "
"1","
lowes.com                  "
"1","  .          "
"1","
"
"1","
 .............................."
"1",""
"1","
 ........"
"1",""
"1","suppressing 1 rows"
"1",""
"1"," "
"1",""
"1","in show(); maybe adjust 'options(max.print= *, width = *)'"
"1",""
"1","
 ..............................
"
"1","                              "
"1","       seg31"
"1","
shop.com                      "
"1","  .         "
"1","
errorsafe.com                 "
"1","  .         "
"1","
cams.com                      "
"1","  .         "
"1","
macys.com                     "
"1","  0.30586631"
"1","
aa.com                        "
"1","  .         "
"1","
addictingclips.com            "
"1","  .         "
"1","
victoriassecret.com           "
"1","  0.76070345"
"1","
orchardbank.com               "
"1","  .         "
"1","
bravenet.com                  "
"1","  .         "
"1","
imesh.com                     "
"1","  .         "
"1","
nextel.com                    "
"1","  .         "
"1","
screensandthemes.com          "
"1","  .         "
"1","
suntrust.com                  "
"1","  .         "
"1","
discovercard.com              "
"1","  .         "
"1","
nbads.com                     "
"1","  .         "
"1","
consumerincentiverewards.com  "
"1","  .         "
"1","
valueclick.com                "
"1","  .         "
"1","
google.com-o03                "
"1","  .         "
"1","
cbs.com                       "
"1","  .         "
"1","
bannerspace.com               "
"1","  .         "
"1","
technorati.com                "
"1","  .         "
"1","
cjt1.net                      "
"1","  .         "
"1","
exactsearch.net               "
"1","  .         "
"1","
munky.com                     "
"1","  .         "
"1","
cs.com                        "
"1"," -0.01142111"
"1","
kohls.com                     "
"1","  .         "
"1","
tagged.com                    "
"1","  .         "
"1","
babycenter.com                "
"1","  .         "
"1","
ebaumsworld.com               "
"1","  .         "
"1","
userplane.com                 "
"1","  .         "
"1","
mediaplazza.com               "
"1","  .         "
"1","
netzerovoice.com              "
"1","  .         "
"1","
gamespot.com                  "
"1","  .         "
"1","
keen.com                      "
"1","  .         "
"1","
bebo.com                      "
"1","  .         "
"1","
rsc02.net                     "
"1","  0.17110093"
"1","
sysupdates2.com               "
"1","  .         "
"1","
imlive.com                    "
"1","  .         "
"1","
oldnavy.com                   "
"1","  .         "
"1","
regalinteractive.com          "
"1","  .         "
"1","
weightwatchers.com            "
"1","  .         "
"1","
subsag.com                    "
"1","  .         "
"1","
aol.com-o08                   "
"1","  .         "
"1","
azlyrics.com                  "
"1","  .         "
"1","
freeringtonesnow.com          "
"1","  .         "
"1","
freewebs.com                  "
"1","  .         "
"1","
toysrus.com                   "
"1","  .         "
"1","
hollywood.com                 "
"1","  .         "
"1","
findwhat.com                  "
"1","  .         "
"1","
local.com                     "
"1","  .         "
"1","
webroot.com                   "
"1","  .         "
"1","
tvguide.com                   "
"1","  .         "
"1","
ny.us                         "
"1","  .         "
"1","
resultsmaster.com             "
"1","  .         "
"1","
jamster.com                   "
"1","  .         "
"1","
gms1.net                      "
"1","  .         "
"1","
switchboard.com               "
"1","  .         "
"1","
nicheseek.com                 "
"1","  .         "
"1","
intelius.com                  "
"1","  .         "
"1","
hi5.com                       "
"1","  .         "
"1","
glispa.com                    "
"1","  .         "
"1","
gannettonline.com             "
"1","  .         "
"1","
cstv.com                      "
"1","  .         "
"1","
adengage.com                  "
"1","  .         "
"1","
superbrewards.com             "
"1","  .         "
"1","
videocodezone.com             "
"1","  .         "
"1","
symantecliveupdate.com        "
"1","  .         "
"1","
pbskids.org                   "
"1","  .         "
"1","
revresda.com                  "
"1","  .         "
"1","
americansingles.com           "
"1","  .         "
"1","
ugo.com-o02                   "
"1","  .         "
"1","
job.com                       "
"1","  .         "
"1","
installshield.com             "
"1","  .         "
"1","
eprize.net                    "
"1","  .         "
"1","
metacafe.com                  "
"1","  .         "
"1","
focalex.com                   "
"1","  .         "
"1","
cciads.us                     "
"1","  .         "
"1","
perfectgonzo.com              "
"1","  .         "
"1","
kbb.com                       "
"1","  .         "
"1","
reunion.com                   "
"1","  .         "
"1","
eproof.com                    "
"1","  .         "
"1","
tripadvisor.com               "
"1","  .         "
"1","
bellsouth.com                 "
"1","  .         "
"1","
search.com                    "
"1","  .         "
"1","
comcast.com                   "
"1","  .         "
"1","
ivillage.com                  "
"1","  .         "
"1","
sun.com                       "
"1","  .         "
"1","
regionsnet.com                "
"1","  .         "
"1","
mininova.org                  "
"1","  .         "
"1","
beliefnet.com                 "
"1","  .         "
"1","
intellicast.com               "
"1","  .         "
"1","
fastonlineusers.com           "
"1","  .         "
"1","
gamespot.com-o01              "
"1","  .         "
"1","
expedia.com-o01               "
"1","  0.37954330"
"1","
military.com                  "
"1","  .         "
"1","
musicnet.com                  "
"1","  .         "
"1","
53.com                        "
"1","  .         "
"1","
oh.us                         "
"1","  .         "
"1","
itrack.it                     "
"1","  .         "
"1","
officedepot.com               "
"1","  0.27462598"
"1","
adultadworld.com              "
"1","  .         "
"1","
univision.com-o01             "
"1","  .         "
"1","
youravon.com                  "
"1","  .         "
"1","
blackboard.com                "
"1","  .         "
"1","
yahoo.net                     "
"1","  0.22871042"
"1","
casinolasvegas.com            "
"1","  .         "
"1","
warnerbros.com                "
"1","  .         "
"1","
delta.com                     "
"1","  0.03607744"
"1","
go.com-o02                    "
"1","  .         "
"1","
deepnetexplorer.co.uk         "
"1","  .         "
"1","
mozilla.com                   "
"1","  .         "
"1","
opentracker.net               "
"1","  .         "
"1","
break.com                     "
"1","  .         "
"1","
catcha10.com                  "
"1","  .         "
"1","
hotels.com                    "
"1","  .         "
"1","
hallmark.com                  "
"1","  .         "
"1","
sportsbook.com                "
"1","  .         "
"1","
mycheckfree.com               "
"1","  .         "
"1","
ezboard.com                   "
"1","  .         "
"1","
pro-market.net                "
"1","  .         "
"1","
mate1.com                     "
"1","  .         "
"1","
awempire.com                  "
"1","  .         "
"1","
jigzone.com                   "
"1","  .         "
"1","
bangbrosnetwork.com           "
"1","  .         "
"1","
marketlinx.com                "
"1","  .         "
"1","
tickle.com                    "
"1"," -0.31968988"
"1","
bbandt.com                    "
"1","  .         "
"1","
mercuras.com                  "
"1","  .         "
"1","
adtology2.com                 "
"1","  .         "
"1","
bluemountain.com              "
"1","  .         "
"1","
freepornofreeporn.com         "
"1","  .         "
"1","
internet-optimizer.com        "
"1","  .         "
"1","
autotrader.com-o01            "
"1","  .         "
"1","
blogger.com                   "
"1","  .         "
"1","
kraftfoods.com                "
"1","  .         "
"1","
loveaccess.com                "
"1","  .         "
"1","
shutterfly.com                "
"1","  0.03594683"
"1","
stopzilla.com                 "
"1","  .         "
"1","
xmradio.com                   "
"1","  .         "
"1","
ga.us                         "
"1","  .         "
"1","
ancestry.com                  "
"1","  .         "
"1","
honda.com                     "
"1","  .         "
"1","
fulltiltpoker.com             "
"1","  .         "
"1","
il.us                         "
"1","  .         "
"1","
ibsys.com                     "
"1","  .         "
"1","
imixserver.com                "
"1","  .         "
"1","
barnesandnoble.com            "
"1","  .         "
"1","
pricegrabber.com              "
"1","  .         "
"1","
constantcontact.com           "
"1","  .         "
"1","
zonelabs.com                  "
"1","  .         "
"1","
pimpyourpro.com               "
"1","  .         "
"1","
netflame.cc                   "
"1","  .         "
"1","
slide.com                     "
"1","  .         "
"1","
xnxx.com                      "
"1","  .         "
"1","
upromise.com                  "
"1","  .         "
"1","
livesexbar.com                "
"1","  .         "
"1","
videosz.com                   "
"1","  .         "
"1","
freeweblayouts.net            "
"1","  .         "
"1","
limewire.com                  "
"1"," -0.32185818"
"1","
ameritrade.com                "
"1","  .         "
"1","
freelaptop4you.com            "
"1","  .         "
"1","
nickarcade.com                "
"1","  .         "
"1","
utkn.com                      "
"1","  .         "
"1","
nj.us                         "
"1","  .         "
"1","
360i.com                      "
"1","  .         "
"1","
finestresults.com             "
"1","  .         "
"1","
asseenontvnetwork.com         "
"1","  .         "
"1","
typepad.com                   "
"1","  .         "
"1","
efax.com                      "
"1","  0.15405873"
"1","
regions.com                   "
"1","  .         "
"1","
emachines.com                 "
"1","  .         "
"1","
playaudiomessage.com          "
"1","  .         "
"1","
bofunk.com                    "
"1","  .         "
"1","
millsberry.com                "
"1","  .         "
"1","
cpvfeed.com                   "
"1","  .         "
"1","
allrecipes.com                "
"1","  .         "
"1","
clubpenguin.com               "
"1","  .         "
"1","
eversave.com                  "
"1","  .         "
"1","
ppmdating.com                 "
"1","  .         "
"1","
lexico.com                    "
"1","  .         "
"1","
usaa.com                      "
"1","  .         "
"1","
directv.com                   "
"1","  .         "
"1","
postini.com                   "
"1","  .         "
"1","
secure-banking.com            "
"1","  .         "
"1","
eyewonder.com                 "
"1","  .         "
"1","
boston.com                    "
"1","  .         "
"1","
ibanking-services.com         "
"1","  .         "
"1","
astrology.com                 "
"1","  .         "
"1","
datinggold.com                "
"1","  .         "
"1","
mlxchange.com                 "
"1","  .         "
"1","
travelhook.net                "
"1","  0.61164179"
"1","
custhelp.com                  "
"1","  .         "
"1","
mn.us                         "
"1","  .         "
"1","
zwire.com                     "
"1","  .         "
"1","
emarketmakers.com             "
"1","  .         "
"1","
gamefaqs.com                  "
"1","  .         "
"1","
premiumproductsonline.com     "
"1","  .         "
"1","
chrysler.com                  "
"1","  .         "
"1","
prodigy.net                   "
"1","  .         "
"1","
tv.com                        "
"1","  .         "
"1","
windowsmedia.com-o04          "
"1","  .         "
"1","
smashits.com                  "
"1","  .         "
"1","
65.115.67.11                  "
"1","  .         "
"1","
snapfish.com                  "
"1","  .         "
"1","
commerceonlinebanking.com     "
"1","  .         "
"1","
bbt.com                       "
"1","  .         "
"1","
linksynergy.com               "
"1","  .         "
"1","
yahoo.com-o08                 "
"1","  .         "
"1","
freecodesource.com            "
"1","  .         "
"1","
streamate.com                 "
"1","  .         "
"1","
freecreditreport.com          "
"1"," -0.02614049"
"1","
intuit.com                    "
"1","  .         "
"1","
rapid-pass.net                "
"1","  .         "
"1","
artistdirect.com              "
"1","  .         "
"1","
servedbyadbutler.com          "
"1","  .         "
"1","
sidestep.com                  "
"1","  .         "
"1","
adult.com                     "
"1","  .         "
"1","
alltel.net                    "
"1","  .         "
"1","
bcentral.com                  "
"1","  .         "
"1","
openbank.com                  "
"1","  .         "
"1","
nichedsites.com               "
"1","  .         "
"1","
cars.com                      "
"1","  .         "
"1","
gm.com                        "
"1","  .         "
"1","
adshuffle.com                 "
"1","  .         "
"1","
freeslots.com                 "
"1","  .         "
"1","
blink.com                     "
"1","  .         "
"1","
candystand.com                "
"1","  .         "
"1","
monstermarketplace.com        "
"1","  .         "
"1","
columbiahouse.com             "
"1","  0.08417538"
"1","
pncbank.com                   "
"1","  .         "
"1","
discovery.com                 "
"1","  .         "
"1","
hsbcbillpay.com               "
"1","  .         "
"1","
movietickets.com              "
"1","  .         "
"1","
page-not-found.net            "
"1","  .         "
"1","
fandango.com                  "
"1","  .         "
"1","
providianservices.com         "
"1","  .         "
"1","
carad.com                     "
"1","  .         "
"1","
homestead.com                 "
"1","  .         "
"1","
realcastmedia.com             "
"1","  .         "
"1","
webratsmusic.com              "
"1","  .         "
"1","
scottrade.com                 "
"1","  .         "
"1","
cs102175.com                  "
"1","  .         "
"1","
fnismls.com                   "
"1","  .         "
"1","
shopperssavingcenter.com      "
"1"," -0.15379690"
"1","
hit-now.com                   "
"1","  .         "
"1","
whatismyip.com                "
"1","  .         "
"1","
costco.com                    "
"1","  .         "
"1","
bolt.com                      "
"1","  .         "
"1","
bmgmusic.com                  "
"1","  .         "
"1","
myhealthwealthandhappiness.com"
"1","  .         "
"1","
symantec.com                  "
"1","  .         "
"1","
forbes.com                    "
"1","  .         "
"1","
digitalcity.com               "
"1","  .         "
"1","
live365.com                   "
"1","  .         "
"1","
firstadsolution.com           "
"1","  .         "
"1","
linkconnector.com             "
"1","  .         "
"1","
freepagegraphics.com          "
"1","  .         "
"1","
imgfarm.com                   "
"1","  .         "
"1","
insightexpresserdd.com        "
"1","  .         "
"1","
pcsecurityshield.com          "
"1","  .         "
"1","
allposters.com-o01            "
"1","  .         "
"1","
msnvideo.com                  "
"1","  .         "
"1","
miva.com                      "
"1","  .         "
"1","
jackpotmadness.com            "
"1","  .         "
"1","
mbnanetaccess.com             "
"1","  .         "
"1","
newcarinsider.com             "
"1","  .         "
"1","
edmunds.com                   "
"1","  .         "
"1","
net-nucleus.com               "
"1","  .         "
"1","
popcap.com                    "
"1","  .         "
"1","
alt.com                       "
"1","  .         "
"1","
staples.com                   "
"1","  0.76944672"
"1","
ussearch.com                  "
"1","  .         "
"1","
bankone.com                   "
"1","  .         "
"1","
rootv.com                     "
"1","  .         "
"1","
citizensbankonline.com        "
"1","  .         "
"1","
juggcrew.com                  "
"1","  .         "
"1","
navyfcu.org                   "
"1","  .         "
"1","
nordstrom.com                 "
"1","  0.33076274"
"1","
webstat.com                   "
"1","  .         "
"1","
inklineglobal.com             "
"1","  .         "
"1","
seeq.com                      "
"1","  .         "
"1","
onetruemedia.com              "
"1","  .         "
"1","
paltalk.com                   "
"1","  .         "
"1","
sonypictures.com              "
"1","  .         "
"1","
204.181.57.155                "
"1","  .         "
"1","
commerceonline.com            "
"1","  .         "
"1","
friendster.com                "
"1","  .         "
"1","
slate.com                     "
"1","  .         "
"1","
hermoment.com                 "
"1","  .         "
"1","
lovehappens.com               "
"1","  .         "
"1","
mi.us                         "
"1","  .         "
"1","
kmart.com                     "
"1","  .         "
"1","
paidsurveys.com               "
"1","  .         "
"1","
123greetings.com              "
"1","  .         "
"1","
blinko.com                    "
"1","  .         "
"1","
citizensbank.com              "
"1","  .         "
"1","
sirius.com                    "
"1","  .         "
"1","
qrs1.net                      "
"1","  .         "
"1","
adbureau.net                  "
"1","  .         "
"1","
turn.com                      "
"1","  .         "
"1","
abcdistributing.com           "
"1","  .         "
"1","
fundsxpress.com               "
"1","  .         "
"1","
pichunter.com                 "
"1","  .         "
"1","
cbsnews.com                   "
"1","  .         "
"1","
216.139.222.230               "
"1","  .         "
"1","
anywho.com                    "
"1","  .         "
"1","
sedoparking.com               "
"1","  .         "
"1","
householdbank.com             "
"1","  .         "
"1","
treborwear.com                "
"1","  .         "
"1","
evault.ws                     "
"1","  .         "
"1","
vh1.com                       "
"1","  .         "
"1","
financialcontent.com          "
"1","  .         "
"1","
gap.com                       "
"1","  0.05380171"
"1","
active.com                    "
"1","  .         "
"1","
exclusivegiftcards.com        "
"1","  .         "
"1","
michigan.gov                  "
"1","  .         "
"1","
dada-mobile.net               "
"1","  .         "
"1","
textplussolutions.com         "
"1","  .         "
"1","
myriadmarket.com              "
"1","  .         "
"1","
ifriends.net                  "
"1","  .         "
"1","
aptimus.com                   "
"1","  .         "
"1","
valueclick.net                "
"1","  .         "
"1","
pennyweb.com                  "
"1","  .         "
"1","
blackpeoplemeet.com           "
"1","  .         "
"1","
eltpath.com                   "
"1","  .         "
"1","
yahoo.com-o46                 "
"1","  .         "
"1","
sysprotect.com                "
"1","  .         "
"1","
dadamobile.com                "
"1","  .         "
"1","
cpxinteractive.com            "
"1","  .         "
"1","
clickspring.net               "
"1","  .         "
"1","
staples-deals.com             "
"1","  .         "
"1","
myyearbook.com                "
"1","  .         "
"1","
bravenetmedianetwork.com      "
"1","  .         "
"1","
etrade.com                    "
"1","  .         "
"1","
marykayintouch.com            "
"1","  .         "
"1","
64.39.16.166                  "
"1","  .         "
"1","
moregamers.com                "
"1","  .         "
"1","
redorbit.com                  "
"1","  .         "
"1","
tmz.com                       "
"1","  .         "
"1","
blogrolling.com               "
"1","  .         "
"1","
checkfree.com                 "
"1","  .         "
"1","
samsclub.com                  "
"1","  .         "
"1","
va.us                         "
"1","  .         "
"1","
united.com                    "
"1","  0.51495101"
"1","
certified-safe-downloads.com  "
"1","  .         "
"1","
aimtoday.com                  "
"1","  .         "
"1","
toseeka.com                   "
"1","  .         "
"1","
bidz.com                      "
"1","  .         "
"1","
gamespy.com                   "
"1","  .         "
"1","
nylottery.org                 "
"1","  .         "
"1","
godaddy.com                   "
"1","  .         "
"1","
rsc03.net                     "
"1","  .         "
"1","
altavista.com                 "
"1","  .         "
"1","
ltdcommodities.com            "
"1","  .         "
"1","
bhg.com                       "
"1","  .         "
"1","
opm.gov                       "
"1","  .         "
"1","
onlinemediaoutlet.com         "
"1","  .         "
"1","
beboframe.com                 "
"1","  .         "
"1","
cafepress.com                 "
"1","  .         "
"1","
tarot.com                     "
"1","  .         "
"1","
webgavel.com                  "
"1","  .         "
"1","
rapmls.com                    "
"1","  .         "
"1","
ztod.com                      "
"1","  .         "
"1","
marriott.com                  "
"1","  0.25645494"
"1","
walgreens.com                 "
"1","  .         "
"1","
rovion.com                    "
"1","  .         "
"1","
ultimatebet.com               "
"1","  .         "
"1","
ea.com                        "
"1","  .         "
"1","
petfinder.com                 "
"1","  .         "
"1","
winsoftware.com               "
"1","  .         "
"1","
literotica.com                "
"1","  .         "
"1","
websourcedtraffic.com         "
"1","  .         "
"1","
032439.com                    "
"1","  .         "
"1","
marketbanker.com              "
"1","  .         "
"1","
clearchannelmusic.com         "
"1","  .         "
"1","
colonize.com                  "
"1","  .         "
"1","
searchfeed.com                "
"1","  .         "
"1","
eimg.net                      "
"1","  .         "
"1","
shermanstravel.com            "
"1","  .         "
"1","
key.com                       "
"1","  .         "
"1","
multi-pops.com                "
"1","  .         "
"1","
yandex.ru                     "
"1","  .         "
"1","
us.com                        "
"1","  .         "
"1","
kinghost.com                  "
"1","  .         "
"1","
sublimedirectory.com          "
"1","  .         "
"1","
gogotools.com                 "
"1","  .         "
"1","
camcrush.com                  "
"1","  .         "
"1","
trafficexplorer.com           "
"1","  .         "
"1","
myfamily.com                  "
"1","  .         "
"1","
gay.com                       "
"1","  .         "
"1","
freegiftworld.com             "
"1","  .         "
"1","
dexonline.com                 "
"1","  .         "
"1","
trade-in-value.com            "
"1","  .         "
"1","
shopyourbargain.com           "
"1","  .         "
"1","
dyndns.org                    "
"1","  .         "
"1","
bizrate.com-o01               "
"1","  0.45325890"
"1","
xctrk.com                     "
"1","  .         "
"1","
webtoolcafe.com               "
"1","  .         "
"1","
zappos.com                    "
"1","  0.18720173"
"1","
wi.us                         "
"1","  .         "
"1","
toptvbytes.com                "
"1","  .         "
"1","
157.22.32.111                 "
"1","  .         "
"1","
hotfreelayouts.com            "
"1","  .         "
"1","
registrydefender.com          "
"1","  .         "
"1","
zap2it.com                    "
"1","  .         "
"1","
64.136.28.49                  "
"1"," -0.03811167"
"1","
afy11.net                     "
"1","  .         "
"1","
207.97.212.250                "
"1","  .         "
"1","
invisionfree.com              "
"1","  .         "
"1","
bravenet.com-o01              "
"1","  .         "
"1","
gadgetcity.com                "
"1","  .         "
"1","
army.mil                      "
"1","  .         "
"1","
yourgiftcards.com             "
"1","  .         "
"1","
craigslist.com                "
"1","  .         "
"1","
usairways.com                 "
"1","  0.36258784"
"1","
drivelinemedia.com            "
"1","  .         "
"1","
edline.net                    "
"1","  .         "
"1","
dayport.com                   "
"1","  .         "
"1","
axill.com                     "
"1","  .         "
"1","
smartbargains.com             "
"1","  .         "
"1","
newgrounds.com                "
"1","  .         "
"1","
216.155.193.91                "
"1","  .         "
"1","
providian.com                 "
"1","  .         "
"1","
statcounter.com               "
"1","  .         "
"1","
ajc.com                       "
"1","  .         "
"1","
oprah.com                     "
"1","  .         "
"1","
slingo.com                    "
"1","  .         "
"1","
continental.com               "
"1","  0.23421777"
"1","
relevantchoice.com            "
"1","  .         "
"1","
toontown.com                  "
"1","  .         "
"1","
thumbplay.com                 "
"1","  .         "
"1","
jacquielawson.com             "
"1","  .         "
"1","
hotwire.com                   "
"1","  .         "
"1","
nwa.com                       "
"1","  .         "
"1","
atomz.com                     "
"1","  .         "
"1","
nsgalleries.com               "
"1","  .         "
"1","
uclick.com                    "
"1","  .         "
"1","
mercurial.ca                  "
"1","  .         "
"1","
schwab.com                    "
"1","  .         "
"1","
nvero.net                     "
"1","  .         "
"1","
ediets.com                    "
"1","  .         "
"1","
ichotelsgroup.com             "
"1","  0.16259566"
"1","
216.133.243.28                "
"1","  .         "
"1","
aggregateknowledge.com        "
"1","  .         "
"1","
topix.net                     "
"1","  .         "
"1","
flalottery.com                "
"1","  .         "
"1","
dlv4.com                      "
"1","  .         "
"1","
mybloglog.com                 "
"1","  .         "
"1","
lanxtra.com                   "
"1","  .         "
"1","
away.com                      "
"1","  .         "
"1","
grab.com                      "
"1","  .         "
"1","
tipany.com                    "
"1","  .         "
"1","
quickbooks.com                "
"1","  .         "
"1","
instream.com                  "
"1","  .         "
"1","
pbs.org                       "
"1","  .         "
"1","
findology.com                 "
"1","  .         "
"1","
business.com                  "
"1","  .         "
"1","
cmt.com                       "
"1","  .         "
"1","
myinsiderdeals.com            "
"1","  .         "
"1","
imagine-msn.com               "
"1","  .         "
"1","
nhl.com                       "
"1","  .         "
"1","
modern-singles.net            "
"1","  .         "
"1","
addfreestats.com              "
"1","  .         "
"1","
rent.com                      "
"1","  .         "
"1","
homegain.com                  "
"1","  .         "
"1","
freeones.com                  "
"1","  .         "
"1","
jetblue.com                   "
"1","  0.11701647"
"1","
loanweb.com                   "
"1","  .         "
"1","
findarticles.com              "
"1","  .         "
"1","
iwon.com-o04                  "
"1","  .         "
"1","
incredigames.com              "
"1","  .         "
"1","
webkinz.com                   "
"1","  .         "
"1","
dealerconnection.com          "
"1","  .         "
"1","
streamaudio.com               "
"1","  .         "
"1","
grantmedia.com                "
"1","  .         "
"1","
home123info.com               "
"1","  .         "
"1","
exittracking.com              "
"1","  .         "
"1","
worldsex.com                  "
"1","  .         "
"1","
yfdmedia.com                  "
"1","  .         "
"1","
automotive.com                "
"1","  .         "
"1","
cursormania.com               "
"1","  .         "
"1","
tradedoubler.com              "
"1","  .         "
"1","
bedbathandbeyond.com          "
"1","  0.09391478"
"1","
equifax.com                   "
"1","  .         "
"1","
hotornot.com                  "
"1","  .         "
"1","
falkag.de                     "
"1","  .         "
"1","
chicagotribune.com            "
"1","  .         "
"1","
airtran.com                   "
"1","  .         "
"1","
thebreastcancersite.com       "
"1","  .         "
"1","
charmingshoppes.com           "
"1","  .         "
"1","
ugo.com                       "
"1","  .         "
"1","
cox.com                       "
"1","  .         "
"1","
spicymint.com                 "
"1","  .         "
"1","
real.com-o01                  "
"1","  .         "
"1","
targetnet.com                 "
"1","  .         "
"1","
effectivebrand.com            "
"1","  .         "
"1","
dallascowboys.com             "
"1","  .         "
"1","
leadgenetwork.com             "
"1","  .         "
"1","
in.us                         "
"1","  .         "
"1","
vistaprint.com                "
"1","  .         "
"1","
"
